UC2025, 001311,1986,35rb,used,,used, Silver, Silver with Green Cloth Interior
A16083, 534991,2016,airstream,16 sport,,new, Silver, Silver with Tan Ul Full Leather Interior
A16076A, 527350,2013,airstream,16 sport,,used, Silver, Silver with Sharksfin Cloth Interior
U1384, 525020,2011,airstream,16 sport,,used, Silver, Silver with Mochablue Cloth Interior
A16016, 599848,2016,airstream,19 flying cloud,,new, Silver, Silver with Mica/Cashew UL Interior
A16067, 534849,2016,airstream,19 flying cloud,,new, Silver, Silver with Golden Night with Cashew UL Full Leather Interior
A16079, 534954,2016,airstream,19 flying cloud,,new, Silver, Silver with Mica w/ Cashew UL Interior
A16012, 534046,2016,airstream,19 international,signature,new, Silver, Silver with Oyster UL Full Leather Interior
A16072, 534880,2016,airstream,20 flying cloud,,new, Silver, Silver with Mica with Cashew Ultraleather Full Leather Interior
A16076, 534929,2016,airstream,20 flying cloud,,new, Silver, Silver with Golden Night W/ Cashew UL Full Leather Interior
UC2013, 075J39,1967,airstream,20 globtrotter,,used, Silver, Silver with Red Interior
A16015, 533867,2016,airstream,20fb flying cloud,,new, Silver, Silver with Golden Night/ Cashew UL Interior
A16071, 535062,2016,airstream,22 sport,,new, Silver, Silver with Tan Interior
A16088, 535098,2016,airstream,22 sport,,new, Silver, Silver with Tan Full Leather Interior
A16018, 533856,2016,airstream,23d flying cloud,,new, Silver, Silver with Golden Night/Cashew UL Full Leather Interior
A16054A, 526867,2012,airstream,23d flying cloud,,used, Silver, Silver with Tan Cloth Interior
A15105, 533231,2015,airstream,23fb flying cloud,,new, Gray, Gray with Golden Night With Cashew UL Interior
A15104, 533228,2015,airstream,23fb flying cloud,,new, Silver, Silver with Golden Night With Cashew Interior
A16084, 533846,2016,airstream,23fb international,serenity,new, Silver, Silver with Oyster UL Interior
U1374, 528177,2013,airstream,23fb international,signature,used, Silver, Silver with Brown Full Leather Interior
A16024, 533897,2016,airstream,25 rb flying cloud,,new, Silver, Silver with Tan Full Leather Interior
A16077, 534921,2016,airstream,25 rb flying cloud,,new, Silver, Silver with Golden Night W/ Black UL Full Leather Interior
A16030, 533893,2016,airstream,25 rq flying cloud,,new, Silver, Silver with Tan Full Leather Interior
A16031, 533911,2016,airstream,25fb flying cloud,twin,new, Silver, Silver with Cashew UL Full Leather Interior
A16035, 533909,2016,airstream,25fb flying cloud,twin,new, Silver, Silver with Cashew UL Full Leather Interior
A16070, 535094,2016,airstream,25fb flying cloud,,new, Silver, Silver with Golden Night with Black UL Full Leather Interior
A15099, 533178,2015,airstream,25fb international,serenity,new, Silver, Silver with Oyster Ultraleather Interior
A15110, 533240,2015,airstream,25fb international,signature,new, Silver, Silver with Oyster Ultraleather Interior
A16054, A16054,2016,airstream,25rb flying cloud,,new, Silver, Silver with Cashue Full Leather Interior
A16034, 533903,2016,airstream,25rb international,signature,new, Silver, Silver with Full Leather Interior
A16037, 533906,2016,airstream,25rb international,signature,new, Silver, Silver with Full Leather Interior
A16033, 533899,2016,airstream,25rb international,serenity,new, Silver, Silver with Full Leather Interior
A16081, 534952,2016,airstream,26u flying cloud,,new, Silver, Silver with Golden Night W/ Cashew Full Leather Interior
A16048, 534224,2016,airstream,27 fb international,signature,new, Silver, Silver with Oyster Full Leather Interior
A16060, 535212,2016,airstream,27fb eddie bauer,,new, Silver, Silver with Black Full Leather Interior
A16056, 534222,2016,airstream,27fb flying cloud,,new, Silver, Silver with Cashew UL Full Leather Interior
A16055, 534223,2016,airstream,27fb flying cloud,,new, Silver, Silver with Cashew UL Full Leather Interior
A16059, 534343,2016,airstream,27fb international,signature,new, Silver, Silver with Oyster UL Full Leather Interior
A16069, 534876,2016,airstream,27fb international,signature,new, Silver, Silver with Oyster Ultraleather Full Leather Interior
A16013, 534784,2016,airstream,27fb international,signature,new, Silver, Silver with Oyster UL Full Leather Interior
A15112, 533255,2015,airstream,27fb international,serenity,new, Silver, Silver with Oyster Ultraleather Interior
A16042, 533948,2016,airstream,28 flying cloud,,new, Silver, Silver with Tan Full Leather Interior
A16075, 534930,2016,airstream,28 international,signature,new, Silver, Silver with Oyster UL Full Leather Interior
A16085, 535093,2016,airstream,28 international,signature,new, Silver, Silver with Oyster UL Full Leather Interior
A16040, 533956,2016,airstream,28 rq flying cloud,,new, Silver, Silver with Tan Full Leather Interior
A16046, 533969,2016,airstream,30 classic,,new, Silver, Silver with Interior
A16050, 533970,2016,airstream,30 classic,,new, Silver, Silver with Chestnut UL Interior
A16052, 534955,2016,airstream,30 internatianel,signature,new, Silver, Silver with Oyster Full Leather Interior
A16049, 533965,2016,airstream,30 international,signature,new, Silver, Silver with Oyster Full Leather Interior
A16051, 534189,2016,airstream,30rq flying cloud,,new, Silver, Silver with Cashew Full Leather Interior
A16044, 534191,2016,airstream,30wwb international,signature,new, Silver, Silver with Oyster Full Leather Interior
A16082, 534944,2016,airstream,international,signature,new, Silver, Silver with Oyster Ul Full Leather Interior
A16036, 125051,2016,airstream,interstate,loung_ext,new, White, White with Interior
A16074, 304588,2016,airstream,interstate,ext_loung_twin,new, Silver, Silver with Onyx With Oyster Ultraleather Full Leather Interior
A16073, 304553,2016,airstream,interstate,ext_loung_twin,new, Silver, Silver with Asian Sand with Oyster Ulutraleather Full Leather Interior
A16080, 201947,2016,airstream,interstate,grand_tour_twin,new, Silver, Silver with Columbian Walnut W/ Oyster UL Interior
A16087, 304642,2016,airstream,interstate,grand_tour_twin,new, Silver, Silver with Onyx With Asian Night wood Full Leather Interior
A16020, 304534,2016,airstream,interstate,loung_ext,new, Black, Black with Black Full Leather Interior
A16078, 304863,2016,airstream,interstate,lounge_ext,new, Silver, Silver with Light Camel with Asian Sand Wood Full Leather Interior
A16058, WDAPF4CC8GP176387,2016,airstream,interstate,ext_lounge,new, Jet Black, Jet Black with Full Leather Interior
A16068, 304707,2016,airstream,interstate,grand_tour,new, Black, Black with Asian Night with Oyster Ultraleather Full Leather Interior
U1383, 882937,2015,airstream,interstate,,used, Silver, Silver with Black Full Leather Interior
A15101, 105547,2015,airstream,interstate,grand_tour,new, Silver, Silver with Onyx with Oyster UL Interior
U1381, 846560,2014,airstream,interstate,loung_ext,used, Black, Black with Black Full Leather Interior
A16057, 535105,2016,airstream,land yacht,,new, Silver, Silver with Polar Leather/Suede Interior
UC2027, 16208,2004,airstream,safari,,used, Silver, Silver with Tan Full Leather Interior
A16058A, AC3260,2008,fleetwood,providence 40x,,used, Black Gold, Black Gold with Briarwood w/Plantaion Cherry Interior
A16028A, A29550,2015,forest,forester,3171ds,used, White, White with Sahara Decr With Cherry Cloth Interior
A01193, A01193,2010,forest,georgetown,m~337ds,used, White, White with MAHOGANY Full Leather Interior
A15116B, A01987,2008,forest,gorgetown,37,used, White, White with Tan Interior
A15119A, 911867,2015,pleasure~way,plateau xl,,used, Gray, Gray with Brown Leather Interior
U1382, 301988,1987,southwind,southwind 24ft,,used, Tan, Tan with Interior
A16043A, A91454,2015,thor,fourwinds,,used, White, White with Dark Gold Full Leather Interior
A16038A, 041006,2011,wildwood,18xls x light,,used, White, White with Interior
