UC2025, 001311,1986,35rb,used,,used, Silver, Silver with Green Cloth Interior, Asking Price, $13,900
A16083, 534991,2016,airstream,16 sport,,new, Silver, Silver with Tan Ul Full Leather Interior, Clearance Price, $47,014
A16076A, 527350,2013,airstream,16 sport,,used, Silver, Silver with Sharksfin Cloth Interior, Sold, Sold
U1384, 525020,2011,airstream,16 sport,,used, Silver, Silver with Mochablue Cloth Interior, Asking Price, $29,900
A16016, 599848,2016,airstream,19 flying cloud,,new, Silver, Silver with Mica/Cashew UL Interior, MSRP Price, $63,040
A16067, 534849,2016,airstream,19 flying cloud,,new, Silver, Silver with Golden Night with Cashew UL Full Leather Interior, Clearance Price, $63,040
A16079, 534954,2016,airstream,19 flying cloud,,new, Silver, Silver with Mica w/ Cashew UL Interior, Clearance Price, $63,444
A16012, 534046,2016,airstream,19 international,signature,new, Silver, Silver with Oyster UL Full Leather Interior, MSRP Price, $65,382
A16072, 534880,2016,airstream,20 flying cloud,,new, Silver, Silver with Mica with Cashew Ultraleather Full Leather Interior, Clearance Price, $66,580
A16076, 534929,2016,airstream,20 flying cloud,,new, Silver, Silver with Golden Night W/ Cashew UL Full Leather Interior, Sold, Sold
UC2013, 075J39,1967,airstream,20 globtrotter,,used, Silver, Silver with Red Interior, Asking Price, $24,900
A16015, 533867,2016,airstream,20fb flying cloud,,new, Silver, Silver with Golden Night/ Cashew UL Interior, MSRP Price, $67,829
A16071, 535062,2016,airstream,22 sport,,new, Silver, Silver with Tan Interior, Sold, Sold
A16088, 535098,2016,airstream,22 sport,,new, Silver, Silver with Tan Full Leather Interior, Clearance Price, $53,823
A16018, 533856,2016,airstream,23d flying cloud,,new, Silver, Silver with Golden Night/Cashew UL Full Leather Interior, MSRP Price, $72,496
A16054A, 526867,2012,airstream,23d flying cloud,,used, Silver, Silver with Tan Cloth Interior, Sold, Sold
A15105, 533231,2015,airstream,23fb flying cloud,,new, Gray, Gray with Golden Night With Cashew UL Interior, Sold, Sold
A15104, 533228,2015,airstream,23fb flying cloud,,new, Silver, Silver with Golden Night With Cashew Interior, Sold, Sold
A16084, 533846,2016,airstream,23fb international,serenity,new, Silver, Silver with Oyster UL Interior, Clearance Price, $77,705
U1374, 528177,2013,airstream,23fb international,signature,used, Silver, Silver with Brown Full Leather Interior, Sold, Sold
A16024, 533897,2016,airstream,25 rb flying cloud,,new, Silver, Silver with Tan Full Leather Interior, Clearance Price, $80,570
A16077, 534921,2016,airstream,25 rb flying cloud,,new, Silver, Silver with Golden Night W/ Black UL Full Leather Interior, Sold, Sold
A16030, 533893,2016,airstream,25 rq flying cloud,,new, Silver, Silver with Tan Full Leather Interior, Clearance Price, $80,570
A16031, 533911,2016,airstream,25fb flying cloud,twin,new, Silver, Silver with Cashew UL Full Leather Interior, Clearance Price, $80,570
A16035, 533909,2016,airstream,25fb flying cloud,twin,new, Silver, Silver with Cashew UL Full Leather Interior, Sold, Sold
A16070, 535094,2016,airstream,25fb flying cloud,,new, Silver, Silver with Golden Night with Black UL Full Leather Interior, Clearance Price, $80,967
A15099, 533178,2015,airstream,25fb international,serenity,new, Silver, Silver with Oyster Ultraleather Interior, MSRP Price Clearance Price, $90,665 $74,921
A15110, 533240,2015,airstream,25fb international,signature,new, Silver, Silver with Oyster Ultraleather Interior, Sold, Sold
A16054, A16054,2016,airstream,25rb flying cloud,,new, Silver, Silver with Cashue Full Leather Interior, Sold, Sold
A16034, 533903,2016,airstream,25rb international,signature,new, Silver, Silver with Full Leather Interior, Clearance Price, $85,329
A16037, 533906,2016,airstream,25rb international,signature,new, Silver, Silver with Full Leather Interior, Clearance Price, $86,672
A16033, 533899,2016,airstream,25rb international,serenity,new, Silver, Silver with Full Leather Interior, Clearance Price, $93,010
A16081, 534952,2016,airstream,26u flying cloud,,new, Silver, Silver with Golden Night W/ Cashew Full Leather Interior, Clearance Price, $87,008
A16048, 534224,2016,airstream,27 fb international,signature,new, Silver, Silver with Oyster Full Leather Interior, Sold, Sold
A16060, 535212,2016,airstream,27fb eddie bauer,,new, Silver, Silver with Black Full Leather Interior, Clearance Price, $91,562
A16056, 534222,2016,airstream,27fb flying cloud,,new, Silver, Silver with Cashew UL Full Leather Interior, Clearance Price, $88,154
A16055, 534223,2016,airstream,27fb flying cloud,,new, Silver, Silver with Cashew UL Full Leather Interior, Clearance Price, $89,497
A16069, 534876,2016,airstream,27fb international,signature,new, Silver, Silver with Oyster Ultraleather Full Leather Interior, Clearance Price, $97,752
A16059, 534343,2016,airstream,27fb international,signature,new, Silver, Silver with Oyster UL Full Leather Interior, Clearance Price, $97,752
A16013, 534784,2016,airstream,27fb international,signature,new, Silver, Silver with Oyster UL Full Leather Interior, Sold, Sold
A15112, 533255,2015,airstream,27fb international,serenity,new, Silver, Silver with Oyster Ultraleather Interior, MSRP Price Clearance Price, $96,519 $79,831
A16042, 533948,2016,airstream,28 flying cloud,,new, Silver, Silver with Tan Full Leather Interior, Clearance Price, $88,097
A16075, 534930,2016,airstream,28 international,signature,new, Silver, Silver with Oyster UL Full Leather Interior, Clearance Price, $96,435
A16085, 535093,2016,airstream,28 international,signature,new, Silver, Silver with Oyster UL Full Leather Interior, Clearance Price, $96,886
A16040, 533956,2016,airstream,28 rq flying cloud,,new, Silver, Silver with Tan Full Leather Interior, Clearance Price, $88,097
A16046, 533969,2016,airstream,30 classic,,new, Silver, Silver with Interior, Clearance Price, $131,447
A16050, 533970,2016,airstream,30 classic,,new, Silver, Silver with Chestnut UL Interior, Clearance Price, $131,447
A16052, 534955,2016,airstream,30 internatianel,signature,new, Silver, Silver with Oyster Full Leather Interior, Sold, Sold
A16049, 533965,2016,airstream,30 international,signature,new, Silver, Silver with Oyster Full Leather Interior, Sold, Sold
A16051, 534189,2016,airstream,30rq flying cloud,,new, Silver, Silver with Cashew Full Leather Interior, Clearance Price, $97,436
A16044, 534191,2016,airstream,30wwb international,signature,new, Silver, Silver with Oyster Full Leather Interior, Clearance Price, $105,448
A16082, 534944,2016,airstream,international,signature,new, Silver, Silver with Oyster Ul Full Leather Interior, Clearance Price, $105,448
A16036, 125051,2016,airstream,interstate,loung_ext,new, White, White with Interior, Clearance Price, $157,568
A16080, 201947,2016,airstream,interstate,grand_tour_twin,new, Silver, Silver with Columbian Walnut W/ Oyster UL Interior, Clearance Price, $158,945
A16074, 304588,2016,airstream,interstate,ext_loung_twin,new, Silver, Silver with Onyx With Oyster Ultraleather Full Leather Interior, Clearance Price, $158,945
A16073, 304553,2016,airstream,interstate,ext_loung_twin,new, Silver, Silver with Asian Sand with Oyster Ulutraleather Full Leather Interior, Clearance Price, $158,945
A16087, 304642,2016,airstream,interstate,grand_tour_twin,new, Silver, Silver with Onyx With Asian Night wood Full Leather Interior, Clearance Price, $159,620
A16020, 304534,2016,airstream,interstate,loung_ext,new, Black, Black with Black Full Leather Interior, Sold, Sold
A16078, 304863,2016,airstream,interstate,lounge_ext,new, Silver, Silver with Light Camel with Asian Sand Wood Full Leather Interior, Sold, Sold
A16068, 304707,2016,airstream,interstate,grand_tour,new, Black, Black with Asian Night with Oyster Ultraleather Full Leather Interior, Sold, Sold
A16058, WDAPF4CC8GP176387,2016,airstream,interstate,ext_lounge,new, Jet Black, Jet Black with Full Leather Interior, Sold, Sold
U1383, 882937,2015,airstream,interstate,,used, Silver, Silver with Black Full Leather Interior, Asking Price, $124,900
A15101, 105547,2015,airstream,interstate,grand_tour,new, Silver, Silver with Onyx with Oyster UL Interior, MSRP Price Clearance Price, $156,296 $124,911
U1381, 846560,2014,airstream,interstate,loung_ext,used, Black, Black with Black Full Leather Interior, Asking Price, $112,831
A16057, 535105,2016,airstream,land yacht,,new, Silver, Silver with Polar Leather/Suede Interior, Clearance Price, $147,696
UC2027, 16208,2004,airstream,safari,,used, Silver, Silver with Tan Full Leather Interior, Asking Price, $27,500
A16058A, AC3260,2008,fleetwood,providence 40x,,used, Black Gold, Black Gold with Briarwood w/Plantaion Cherry Interior, Asking Price, $119,821
A16028A, A29550,2015,forest,forester,3171ds,used, White, White with Sahara Decr With Cherry Cloth Interior, Asking Price, $69,900
A01193, A01193,2010,forest,georgetown,m~337ds,used, White, White with MAHOGANY Full Leather Interior, Asking Price, $59,900
A15116B, A01987,2008,forest,gorgetown,37,used, White, White with Tan Interior, Asking Price, $59,900
A15119A, 911867,2015,pleasure~way,plateau xl,,used, Gray, Gray with Brown Leather Interior, Sold, Sold
U1382, 301988,1987,southwind,southwind 24ft,,used, Tan, Tan with Interior, Sold, Sold
A16043A, A91454,2015,thor,fourwinds,,used, White, White with Dark Gold Full Leather Interior, Asking Price, $69,861
A16038A, 041006,2011,wildwood,18xls x light,,used, White, White with Interior, Sold, Sold
