AT4290 - IN STOCK, 1STJ9YP24FJ533201,,2015,airstream,30_flying_cloud_w__cashew_ultra_leather,new, Silver, Silver with Cashew Ultra Leather w/ Mica Interior, Asking Price, $85671
AT6312 - IN STOCK, 1STTFYL21GJ533505,,2016,airstream,27fb_eddie_bauer_edition_w__all_the_extras__and__more_,new, Silver, Silver with Black Interior, MSRP Price, $91562
AT4291A PREVIOUSLY OWNED AIRSTREAM TRAILER OR MOTOR HOME IN STOCK!!*, 1STB9AG26EJ530343,,2014,airstream,23d_flying_cloud_w__golden_night_maple_interior,used, Silver, Silver with Golden Ultra Leather Interior, Asking Price, $56998
AT6413 - IN STOCK, 1STJ9YP20GJ534783,,2016,airstream,30_wwb_flying_cloud_w__cashew_ultra_leather,new, Silver, Silver with Cashew Utra Leather w/Golden Night Interior, MSRP Price, $97436
AT6316 - IN STOCK, 1STB9AG20GJ533869,,2016,airstream,23d_flying_cloud_w__cashew_ultra_leather,new, Silver, Silver with Cashew Ultra Leather Interior, MSRP Price, $71063
AM6151 - IN STOCK, WD3PF4CD5FP137030,,2016,airstream,interstate_3500_ext_w__black_ultra_leather,new, Black, Black with Black Ultra Leather Interior, MSRP Price, $166328
INCOMING, 1STHRAC18GJ533450,,2016,airstream,16__bambi__sport_w__lot_s_of_extras,new, Silver, Silver with Tan Ultra Leather Interior, MSRP Price, $59986
AM6154 - IN STOCK, WDAPF4CC3GP175891,,2016,airstream,interstate_ext_3500__grand_tour__motorhome,new, Brilliant Silver Metallic, Brilliant Silver Metallic with Light Camel w/ Oyster Ultra Leather, MSRP Price, $158945
AT6325 - IN STOCK, 1STJ9YJ23GJ533927,,2016,airstream,25fb_flying_cloud_w__cashew_u_leather__and__twin_beds,new, Silver, Silver with Cashew Ultra Leather w/ Golden Night Interior, MSRP Price, $80570
AT6329 - IN STOCK, 1STJ9YJ26GJ533923,,2016,airstream,25fb_flying_cloud_w__cashew_ultra_leather,new, Silver, Silver with Cashew Ultra Leather w/ Golden Night Interior, MSRP Price, $80570
AT6328 - IN STOCK, 1STJFYJ21GJ533935,,2016,airstream,25fb_international_signature_w__oyster_uleather,new, Silver, Silver with Oyster Ultra Leather & Ebony Interior, MSRP Price, $85359
AT6346 - IN STOCK, 1STJBYP28GJ534194,,2016,airstream,30_classic_~_solid_cherry_w__twin_bed_stateroom,new, Silver, Silver with CHERRY MACADAMIA NIGHT SKY CORIAN Interior, Lowest Prices 877*718-3377 CSV_brakedown.sh dump.tmp Files Links-OC.sh Links.sh links.txt web_invtory_1-22-16.csv web_invtory.csv web_invtory_LA.csv License Plate Bracket With LED Light *, Lowest Prices 877*718-3377 CSV_brakedown.sh dump.tmp Files Links-OC.sh Links.sh links.txt web_invtory_1-22-16.csv web_invtory.csv web_invtory_LA.csv License Plate Bracket With LED Light CSV_brakedown.sh dump.tmp Files Links-OC.sh Links.sh links.txt web_invtory_1-22-16.csv web_invtory.csv web_invtory_LA.csv
AM6159 - IN STOCK, WDAPF4CCXGP175886,,2016,airstream,interstate_3500_ext_w__twin_beds,new, Brilliant Silver Metallic, Brilliant Silver Metallic with Oyster Ultra Leather Interior, Orange County for the Best Price 877-718-3377 CSV_brakedown.sh dump.tmp Files Links-OC.sh Links.sh links.txt web_invtory_1-22-16.csv web_invtory.csv web_invtory_LA.csv 13,500 BTU Low-Profile, Orange County for the Best Price 877-718-3377 CSV_brakedown.sh dump.tmp Files Links-OC.sh Links.sh links.txt web_invtory_1-22-16.csv web_invtory.csv web_invtory_LA.csv 13500 BTU Low-Profile
AT6323A, 1STCFAA29DJ527974,,2013,airstream,19_i_ntl_signature_~_road_trip_ready__,used, Silver, Silver with Taupe Ultra Leather Interior, Asking Price, $49990
AT6342A, 1STJFYJ26CJ526716,,2012,airstream,25fb__eddie_bauer__ltd__edition__toy_hauler_,used, Silver, Silver with EDDIE BAUER LIMBER MAPLE Interior, Asking Price, $69900
AT4344A, 1STJFYP20EJ528973,,2014,airstream,30_international_signature_w__2_a_c__and__50_amp,used, Silver, Silver with Taupe Ultra Leather Interior, Asking Price, $72998
AT6351 - IN STOCK, 1STJBYP24GJ533978,,2016,airstream,30_classic_w__cherry_wood__and__u_leather_recliners,new, Silver, Silver with Macadamia w/ Cherry Wood Interior, Lowest Prices 877*718-3377 CSV_brakedown.sh dump.tmp Files Links-OC.sh Links.sh links.txt web_invtory_1-22-16.csv web_invtory.csv web_invtory_LA.csv License Plate Bracket With LED Light *, Lowest Prices 877*718-3377 CSV_brakedown.sh dump.tmp Files Links-OC.sh Links.sh links.txt web_invtory_1-22-16.csv web_invtory.csv web_invtory_LA.csv License Plate Bracket With LED Light CSV_brakedown.sh dump.tmp Files Links-OC.sh Links.sh links.txt web_invtory_1-22-16.csv web_invtory.csv web_invtory_LA.csv
AT6368 - IN STOCK, 1STJFYJ26GJ534868,,2016,airstream,25fb_international_serenity_w__oystr_ultra_leather,new, Silver, Silver with Oyster Ultra Leather Interior, MSRP Price, $93414
AT6357 - IN STOCK, 1STJFYM24GJ534184,,2016,airstream,28_international_serenity_w_power_awning_pakage,new, Silver, Silver with Espresso Ultra Leather w/ Asian Sand Interior, MSRP Price, $98985
AT6335 - IN STOCK, 1STJ9YM2XGJ533953,,2016,airstream,28_flying_cloud_w__cashew_golden_night,new, Silver, Silver with Cashew Ultra Leather Interior, MSRP Price, $88097
AT6341 - IN STOCK, 1STJ9YP29GJ534197,,2016,airstream,30_flying_cloud_w__cashew_ultra_leather,new, Silver, Silver with Cashew Ultra Leather Interior, MSRP Price, $94903
AM6160, WDAPF4CC6GP175884,,2016,airstream,interstate_ext_3500_touring_coach,new, Black Blue, Black Blue with Oyster Ultra Leather & Columbian Walnut Interior, Orange County for the Best Price 877-718-3377 CSV_brakedown.sh dump.tmp Files Links-OC.sh Links.sh links.txt web_invtory_1-22-16.csv web_invtory.csv web_invtory_LA.csv 13,500 BTU Low-Profile, Orange County for the Best Price 877-718-3377 CSV_brakedown.sh dump.tmp Files Links-OC.sh Links.sh links.txt web_invtory_1-22-16.csv web_invtory.csv web_invtory_LA.csv 13500 BTU Low-Profile
AM6159A, WD3PF4CD4FP105539,,2016,airstream,interstate_ext_3500__grand_tour__w__power_awnings,new, White, White with Oyster Ultra Leather & Columbian Walnut Interior, Orange County for the Best Price 877-718-3377 CSV_brakedown.sh dump.tmp Files Links-OC.sh Links.sh links.txt web_invtory_1-22-16.csv web_invtory.csv web_invtory_LA.csv 13,500 BTU Low-Profile, Orange County for the Best Price 877-718-3377 CSV_brakedown.sh dump.tmp Files Links-OC.sh Links.sh links.txt web_invtory_1-22-16.csv web_invtory.csv web_invtory_LA.csv 13500 BTU Low-Profile
AU9415, WD3PF4CD7D5772338,,2014,airstream,interstate_3500_lounge_ext,used, Black, Black with Black Ultra Leather Interior, Asking Price, $99987
AT6353 - IN STOCK, 1STJ9YJ29GJ534354,,2016,airstream,25fb_flying_cloud_w__cashew_ultra_leather,new, Silver, Silver with Cashew Ultra Leather Interior, MSRP Price, $82317
AT6360 - IN STOCK, 1STT9YL28GJ534870,,2016,airstream,27fb_flying_cloud_w__awning_package__and_ultra_leather,new, Silver, Silver with Cashew Ultra Leather w/ Golden Night Interior, MSRP Price, $89497
AT6373 - IN STOCK, 1STJ9YM23GJ534913,,2016,airstream,28_flying_cloud_w__cashew_golden_night,new, Silver, Silver with Cashew Ultra Leather w/ Golden Night Interior, MSRP Price, $88097
AT6333 - IN STOCK, 1STJFYJ25GJ533937,,2016,airstream,25fb_international_signature_w__oyster_uleather,new, Silver, Silver with Oyster Ultra Leather Interior, MSRP Price, $90310
AT6339 - IN STOCK, 1STJFYM2XGJ534187,,2016,airstream,28_international_signature_w__oyster_ultra_leather,new, Silver, Silver with Oyster Ultra Leather & Ebony Interior, MSRP Price, $98564
AT6347 - IN STOCK, 1STTFYL24GJ534227,,2016,airstream,27fb_flying_cloud_w__awning_package__and_ultra_leather,new, Silver, Silver with Oyster Ultra Leather & Ebony Interior, MSRP Price, $97752
AT6364 - IN STOCK, 1STKFAG28GJ534888,,2016,airstream,23fb_int_l_signature_w__oyster_ultra_leather,new, Silver, Silver with Oyster Ultra Leather & Ebony Interior, MSRP Price, $75313
AT6365 - IN STOCK, 1STJFYM25GJ534890,,2016,airstream,28_international_signature_w__oyster_ultra_leather,new, Silver, Silver with Oyster Ultra Leather & Ebony Interior, MSRP Price, $96435
AT6372 - IN STOCK, 1STJFYM23GJ534905,,2016,airstream,28_international_serenity_w__oyster_ultra_leather,new, Silver, Silver with Oyster Ultra Leather & Asian Sand Interior, MSRP Price, $98985
AT6327 - IN STOCK, 1STJFYJ24GJ533931,,2016,airstream,25fb_international_serenity_w__espresso_u_leather,new, Silver, Silver with Espresso Ultra Leather w/ Asian Sand Interior, MSRP Price, $93010
AT6340 - IN STOCK, 1STTFYL22GJ534193,,2016,airstream,27fb_international_serenity_w__espresso_uleather,new, Silver, Silver with Espresso Ultra Leather w/ Asian Sand Interior, MSRP Price, $98805
AT4223A, 1STVRTF14BJ525770,,2011,airstream,22fb_sport__loaded_with_extras_,used, Silver, Silver with Black Ultra Leather Interior, Retail Price, $43990
AT6354 - IN STOCK, 1STTFYL28GJ534196,,2016,27fb international signature~oyster ultra leather,,new, Silver, Silver with Oyster Ultra Leather & Ebony Interior, MSRP Price, $96409
AT6355 - IN STOCK, 1STJFYM26GJ534185,,2016,airstream,28_international_signature_~_oyster_ultra_leather,new, Silver, Silver with Oyster Ultra Leather & Ebony Interior, MSRP Price, $96435
AT6356 - IN STOCK, 1STTFYL22GJ534226,,2016,airstream,27fb_international_signature~oyster_ultra_leather,new, Silver, Silver with Oyster Ultra Leather & Ebony Interior, MSRP Price, $94114
AT6367 - IN STOCK, 1STJFYJ29GJ534878,,2016,airstream,25fb_international_signature_w__oyster_uleather,new, Silver, Silver with Oyster Ultra Leather & Ebony Interior, MSRP Price, $90714
AM6161 - IN STOCK, WDAPF4CC5GP188187,,2016,airstream,interstate__grand_tour__3500_ext,new, Jet Black, Jet Black with Black Ultra Leather Interior, Orange County for the Best Price 877-718-3377 CSV_brakedown.sh dump.tmp Files Links-OC.sh Links.sh links.txt web_invtory_1-22-16.csv web_invtory.csv web_invtory_LA.csv 13,500 BTU Low-Profile, Orange County for the Best Price 877-718-3377 CSV_brakedown.sh dump.tmp Files Links-OC.sh Links.sh links.txt web_invtory_1-22-16.csv web_invtory.csv web_invtory_LA.csv 13500 BTU Low-Profile
AM6164 - IN STOCK, WDAPF4CC5GP202525,,2016,airstream,interstate_ext_3500,new, Brilliant Silver Metallic, Brilliant Silver Metallic with Oyster Ultra Leather & Asian Sand, Orange County for the Best Price 877-718-3377 CSV_brakedown.sh dump.tmp Files Links-OC.sh Links.sh links.txt web_invtory_1-22-16.csv web_invtory.csv web_invtory_LA.csv 13,500 BTU Low-Profile, Orange County for the Best Price 877-718-3377 CSV_brakedown.sh dump.tmp Files Links-OC.sh Links.sh links.txt web_invtory_1-22-16.csv web_invtory.csv web_invtory_LA.csv 13500 BTU Low-Profile
AT6371 - IN STOCK, 1STJFYJ21GJ534907,,2016,airstream,25fb_international_signature_w__oyster_uleather,new, Silver, Silver with Oyster Ultra Leather Interior, MSRP Price, $90714
GT6332, 1NL1DTH20G1032462,,2016,gulf stream,,used, Turquoise & White, Turquoise & White with Turquoise & White Interior, Asking Price, $19998
AT6369 - IN STOCK, 1STHRAC15GJ534894,,2016,airstream,16__sport_ultra_lite_w__tan_ultra_leather__and__micro,new, Silver, Silver with Tan Ultra Leather Interior, CSV_brakedown.sh dump.tmp Files Links-OC.sh Links.sh links.txt web_invtory_1-22-16.csv web_invtory.csv web_invtory_LA.csv Airstream Orange County "The Low Price Leader" CSV_brakedown.sh dump.tmp Files Links-OC.sh Links.sh links.txt web_invtory_1-22-16.csv web_invtory.csv web_invtory_LA.csv Tank Flush System *, CSV_brakedown.sh dump.tmp Files Links-OC.sh Links.sh links.txt web_invtory_1-22-16.csv web_invtory.csv web_invtory_LA.csv Airstream Orange County "The Low Price Leader" CSV_brakedown.sh dump.tmp Files Links-OC.sh Links.sh links.txt web_invtory_1-22-16.csv web_invtory.csv web_invtory_LA.csv Tank Flush System CSV_brakedown.sh dump.tmp Files Links-OC.sh Links.sh links.txt web_invtory_1-22-16.csv web_invtory.csv web_invtory_LA.csv
AT6381 - IN STOCK, 1STJ9YJ21GJ535028,,2016,airstream,25fb_flying_cloud_w__cashew_ultra_leather,new, Silver, Silver with Cashew Ultra Leather w/ Mica Interior, MSRP Price, $80967
AT6362, 1STHRAC16GJ534841,,2016,airstream,16__sport_ultra_lite_w__microwave__and__more,new, Silver, Silver with Sunset Beach Ultra Leather Interior Interior, CSV_brakedown.sh dump.tmp Files Links-OC.sh Links.sh links.txt web_invtory_1-22-16.csv web_invtory.csv web_invtory_LA.csv Airstream Orange County "The Low Price Leader" CSV_brakedown.sh dump.tmp Files Links-OC.sh Links.sh links.txt web_invtory_1-22-16.csv web_invtory.csv web_invtory_LA.csv Tank Flush System *, CSV_brakedown.sh dump.tmp Files Links-OC.sh Links.sh links.txt web_invtory_1-22-16.csv web_invtory.csv web_invtory_LA.csv Airstream Orange County "The Low Price Leader" CSV_brakedown.sh dump.tmp Files Links-OC.sh Links.sh links.txt web_invtory_1-22-16.csv web_invtory.csv web_invtory_LA.csv Tank Flush System CSV_brakedown.sh dump.tmp Files Links-OC.sh Links.sh links.txt web_invtory_1-22-16.csv web_invtory.csv web_invtory_LA.csv
AT6379 - IN STOCK, 1STC9YP26GJ535025,,2016,airstream,30fb_flying_cloud_w__bunk_and_cashew_ultra_leather,new, Silver, Silver with Cashew Ultra Leather w/ Mica Interior, MSRP Price, $99151
AT6309 - IN STOCK, 1STTFYL24GJ533496,,2016,airstream,27fb_eddie_bauer_edition_w__all_the_extras__and__more_,new, Silver, Silver with Black Ultra Leather Interior, MSRP Price, $91562
AT6319, 1STC9AA13GJ534048,,2016,airstream,19_flying_cloud_w__cashew_ultra_leather,new, Silver, Silver with Cashew Ultra Leather w/ Mica Interior, MSRP Price, $63040
AM6166 - IN STOCK, WDAPF4CC7GP201943,,2016,airstream,interstate__grand_tour__3500_ext,new, Brilliant Silver Metallic, Brilliant Silver Metallic with Black Ultra Leather Lt. Camel Interior, MSRP Price, $158828
AT6382 - IN STOCK, 1STCFAA29GJ534993,,2016,airstream,19_int_l_signature_w__oyster_ultra_leather,new, Silver, Silver with Oyster Ultra Leather Interior, MSRP Price, $66164
AT6380 - IN STOCK, 1STH9YK25GJ534994,,2016,airstream,26u_flying_cloud_w__black_ultra_leather,new, Silver, Silver with Black Ultra Leather Interior, MSRP Price, $87430
AT6375 - IN STOCK, 1STJ9YJ25GJ534917,,2016,airstream,25fb_flying_cloud_w__cashew_ultra_leather,new, Silver, Silver with Cashew Ultra Leather w/ Golden Night Interior, MSRP Price, $80570
AT6352 - IN STOCK, 1STT9YL25GJ533966,,2016,airstream,27fb_flying_cloud_w__twin_beds__and__ultra_leather,new, Silver, Silver with Cashew Ultra Leather w/ Golden Night Interior, MSRP Price, $88154
AT6376 - IN STOCK, 1STCFAA13GJ534916,,2016,airstream,19_int_l_serenity_w__espresso_ultra_leather__and__more,new, Silver, Silver with Espresso Ultra Leather w/ Asian Sand Interior, MSRP Price, $67426
AT6316A, 1STHRAC15GJ533390,,2016,airstream,16__sport_ultra_lite_w__tan_ultra_leather__and__micro,used, Silver, Silver with Tan Ultra Leather Interior, CSV_brakedown.sh dump.tmp Files Links-OC.sh Links.sh links.txt web_invtory_1-22-16.csv web_invtory.csv web_invtory_LA.csv Airstream Orange County "The Low Price Leader" CSV_brakedown.sh dump.tmp Files Links-OC.sh Links.sh links.txt web_invtory_1-22-16.csv web_invtory.csv web_invtory_LA.csv Tank Flush System *, CSV_brakedown.sh dump.tmp Files Links-OC.sh Links.sh links.txt web_invtory_1-22-16.csv web_invtory.csv web_invtory_LA.csv Airstream Orange County "The Low Price Leader" CSV_brakedown.sh dump.tmp Files Links-OC.sh Links.sh links.txt web_invtory_1-22-16.csv web_invtory.csv web_invtory_LA.csv Tank Flush System CSV_brakedown.sh dump.tmp Files Links-OC.sh Links.sh links.txt web_invtory_1-22-16.csv web_invtory.csv web_invtory_LA.csv
INCOMING SOON, 1STTFYL26GJ535301,,2016,airstream,27fb_international__pendleton__limited_edition,new, Silver, Silver with Pendleton Edition Ultra Leather Interior, Please Call For Price, Please Call For Price
INCOMING SOON, 1STTFYL24GJ535510,,2016,airstream,27fb_international__pendleton__limited_edition,new, Silver, Silver with Pendleton Edition Ultra Leather Interior, Please Call For Price, Please Call For Price
INCOMING SOON, 1STTFYL25GJ536231,,2016,airstream,27fb_international__pendleton__limited_edition,new, Silver, Silver with Pendleton Edition Ultra Leather Interior, Please Call For Price, Please Call For Price
AT6386, 1STT9YL20GJ535088,,2016,airstream,27fb_flying_cloud_w__awning_package__and_ultra_leather,new, Silver, Silver with Cashew Utra Leather w/Golden Night Interior, MSRP Price, $89931
AT6383 - IN STOCK, 1STJFYM28GJ535063,,2016,airstream,28_international_serenity_w__power_awning_package,new, Silver, Silver with Espresso Ultra Leather w/ Asian Sand Cabinets Interior, MSRP Price, $99449
